{"stats":{"minecraft:mined":{"minecraft:grass_block":1,"minecraft:dirt":3},"minecraft:picked_up":{"minecraft:dirt":4},"minecraft:used":{"alexsmobs:animal_dictionary":2,"minecraft:dirt":2,"minecraft:grass_block":4},"minecraft:custom":{"minecraft:jump":94,"minecraft:time_since_rest":27211,"minecraft:crouch_one_cm":113,"minecraft:leave_game":3,"minecraft:play_time":27211,"minecraft:sprint_one_cm":11154,"minecraft:time_since_death":27211,"minecraft:walk_one_cm":4731,"minecraft:sneak_time":76,"minecraft:total_world_time":27211,"minecraft:fly_one_cm":44578}},"DataVersion":3465}