{"stats":{"minecraft:custom":{"minecraft:jump":237,"minecraft:time_since_rest":23474,"minecraft:leave_game":7,"minecraft:crouch_one_cm":1660,"minecraft:play_time":23474,"minecraft:play_record":2,"minecraft:sprint_one_cm":21263,"minecraft:damage_taken":60,"minecraft:time_since_death":23474,"minecraft:walk_one_cm":75466,"minecraft:sneak_time":205,"minecraft:total_world_time":23474,"minecraft:fall_one_cm":2810,"minecraft:fly_one_cm":71189},"minecraft:used":{"alexsmobs:animal_dictionary":1,"minecraft:snow":1,"taxdl:dragon_disc":2,"minecraft:jukebox":1,"taxdl:dragon_armor_helmet":1},"minecraft:picked_up":{"taxdl:dragon_disc":2}},"DataVersion":3465}