{"stats":{"minecraft:used":{"create:limestone":1,"minecraft:stone_shovel":56,"sophisticatedbackpacks:copper_backpack":2,"minecraft:iron_sword":88,"minecraft:torch":12,"minecraft:dirt":1,"minecraft:tuff":29,"minecraft:snowball":1,"minecraft:iron_boots":1,"friendsandfoes:totem_of_freezing":1,"minecraft:beef":2,"minecraft:furnace":1,"tombstone:gift":1,"minecraft:water_bucket":2,"minecraft:snow_block":13,"minecraft:stone_pickaxe":82,"minecraft:wooden_pickaxe":16,"minecraft:crafting_table":6,"minecraft:dripstone_block":1,"minecraft:spruce_log":1,"sophisticatedbackpacks:backpack":1,"minecraft:iron_pickaxe":151,"minecraft:stone_axe":34,"minecraft:cobblestone":8,"minecraft:cooked_porkchop":18,"minecraft:bucket":3,"alexsmobs:animal_dictionary":2},"minecraft:dropped":{"minecraft:enchanted_book":1,"minecraft:wheat_seeds":1,"minecraft:mossy_cobblestone":1,"minecraft:prismarine_shard":5,"create_dd:raw_tin":2,"minecraft:leather":1,"minecraft:stick":3,"born_in_chaos_v1:monster_skin":3,"minecraft:torch":8,"minecraft:mutton":8,"minecraft:seagrass":4,"skilltree:gem":3,"minecraft:snowball":1,"tombstone:grave_dust":3,"minecraft:chain":1,"minecraft:string":1,"minecraft:white_wool":7,"minecraft:bone":5,"minecraft:kelp":4,"minecraft:sugar_cane":21,"minecraft:iron_nugget":10,"alexsmobs:animal_dictionary":1,"minecraft:raw_copper":17,"born_in_chaos_v1:ethereal_spirit":1,"farmersdelight:cabbage_seeds":1,"minecraft:beetroot":4,"minecraft:rotten_flesh":1,"minecraft:light_gray_wool":1,"minecraft:gunpowder":6,"minecraft:spruce_planks":9,"minecraft:beetroot_seeds":10,"minecraft:blue_ice":2,"minecraft:chest":1,"minecraft:beef":2,"minecraft:wooden_pickaxe":1},"minecraft:crafted":{"minecraft:stone_shovel":1,"minecraft:furnace":1,"minecraft:raw_copper_block":1,"minecraft:iron_boots":1,"minecraft:raw_copper":9,"minecraft:stone_pickaxe":1,"sophisticatedbackpacks:iron_backpack":1,"minecraft:crafting_table":1,"minecraft:spruce_planks":24,"minecraft:wooden_pickaxe":1,"minecraft:iron_sword":1,"sophisticatedbackpacks:gold_backpack":1,"minecraft:stone_axe":1,"minecraft:air":0,"minecraft:stick":16,"minecraft:iron_ingot":7,"minecraft:iron_pickaxe":1,"minecraft:snow_block":13,"minecraft:torch":8},"minecraft:killed":{"born_in_chaos_v1:restless_spirit":1,"born_in_chaos_v1:zombie_lumberjack":2,"minecraft:spider":2,"born_in_chaos_v1:maggot":2,"friendsandfoes:iceologer":1,"born_in_chaos_v1:fallen_chaos_knight":1,"born_in_chaos_v1:baby_skeleton":3,"born_in_chaos_v1:decrepit_skeleton":5,"minecraft:sheep":8,"minecraft:zombie":12,"alexsmobs:cockroach":1,"born_in_chaos_v1:dread_hound":1,"endofherobrine:cow":1,"minecraft:cow":2},"minecraft:custom":{"minecraft:mob_kills":43,"minecraft:interact_with_crafting_table":22,"minecraft:damage_dealt_resisted":20,"minecraft:leave_game":3,"minecraft:time_since_death":2824,"minecraft:climb_one_cm":460,"minecraft:sprint_one_cm":153640,"minecraft:walk_one_cm":134308,"minecraft:drop":50,"minecraft:play_time":76020,"minecraft:deaths":3,"minecraft:sneak_time":7237,"minecraft:walk_under_water_one_cm":9094,"minecraft:jump":1365,"minecraft:walk_on_water_one_cm":8267,"minecraft:total_world_time":76020,"minecraft:interact_with_furnace":2,"tombstone:raider_killed":1,"minecraft:sleep_in_bed":5,"minecraft:time_since_rest":2349,"minecraft:damage_taken":2338,"minecraft:damage_dealt":6741,"minecraft:swim_one_cm":13678,"minecraft:fly_one_cm":325783,"minecraft:open_chest":3,"minecraft:crouch_one_cm":13282,"tombstone:undead_killed":23,"minecraft:fall_one_cm":43461},"minecraft:mined":{"minecraft:tuff":29,"minecraft:mossy_cobblestone":1,"minecraft:grass_block":1,"farmersdelight:wild_cabbages":1,"minecraft:furnace":1,"minecraft:iron_ore":11,"minecraft:snow":53,"minecraft:stone":54,"create:limestone":1,"create_dd:deepslate_tin_ore":1,"minecraft:crafting_table":5,"minecraft:torch":9,"minecraft:chest":1,"minecraft:tall_grass":4,"minecraft:cobblestone":5,"minecraft:deepslate_coal_ore":1,"minecraft:sugar_cane":11,"minecraft:wall_torch":3,"minecraft:deepslate_copper_ore":5,"supplementaries:urn":2,"farmersdelight:wild_beetroots":10,"minecraft:spruce_log":6,"minecraft:grass":2,"minecraft:coal_ore":7,"minecraft:dripstone_block":1,"minecraft:gold_ore":108,"create_dd:tin_ore":4},"minecraft:picked_up":{"minecraft:seagrass":4,"minecraft:crafting_table":5,"minecraft:prismarine_shard":8,"born_in_chaos_v1:seedof_chaos":1,"minecraft:wooden_pickaxe":1,"minecraft:enchanted_book":1,"minecraft:chain":2,"minecraft:string":2,"minecraft:raw_copper":34,"create:limestone":1,"minecraft:beetroot":4,"minecraft:spruce_planks":9,"minecraft:beef":6,"minecraft:iron_nugget":20,"minecraft:light_gray_wool":2,"minecraft:sugar_cane":42,"minecraft:chest":1,"farmersdelight:cabbage_seeds":1,"minecraft:furnace":1,"minecraft:stick":3,"minecraft:raw_iron":11,"minecraft:torch":19,"tombstone:grave_dust":9,"born_in_chaos_v1:pieceofdarkmetal":2,"minecraft:rotten_flesh":21,"minecraft:beetroot_seeds":20,"supplementaries:ash":3,"minecraft:mutton":16,"minecraft:cobblestone":59,"minecraft:snowball":54,"minecraft:white_wool":14,"create_dd:raw_tin":7,"minecraft:jungle_log":1,"minecraft:leather":2,"minecraft:potato":2,"minecraft:tuff":29,"minecraft:gunpowder":12,"skilltree:gem":23,"minecraft:dirt":1,"born_in_chaos_v1:monster_skin":3,"minecraft:bone":22,"minecraft:kelp":4,"minecraft:wheat_seeds":1,"alexsmobs:cockroach_wing_fragment":1,"minecraft:raw_gold":108,"friendsandfoes:totem_of_freezing":1,"born_in_chaos_v1:ethereal_spirit":1,"minecraft:dripstone_block":1,"minecraft:spruce_log":6,"alexsmobs:animal_dictionary":1,"minecraft:dark_oak_log":1,"minecraft:spider_eye":1,"minecraft:mossy_cobblestone":1,"minecraft:bundle":1,"minecraft:blue_ice":4,"minecraft:coal":13}},"DataVersion":3465}