{"stats":{"minecraft:used":{"create:limestone":1,"minecraft:stone_shovel":56,"sophisticatedbackpacks:copper_backpack":2,"minecraft:iron_sword":112,"minecraft:torch":15,"minecraft:dirt":1,"minecraft:tuff":29,"minecraft:snowball":1,"minecraft:iron_boots":1,"friendsandfoes:totem_of_freezing":1,"minecraft:beef":2,"minecraft:furnace":1,"tombstone:gift":2,"create_dd:potassic":1,"minecraft:water_bucket":2,"minecraft:snow_block":13,"minecraft:stone_pickaxe":83,"minecraft:wooden_pickaxe":16,"minecraft:crafting_table":6,"minecraft:dripstone_block":1,"minecraft:spruce_log":1,"sophisticatedbackpacks:backpack":1,"minecraft:iron_pickaxe":197,"minecraft:stone_axe":42,"minecraft:cobblestone":12,"minecraft:cooked_porkchop":23,"minecraft:bucket":3,"alexsmobs:animal_dictionary":2},"minecraft:killed":{"born_in_chaos_v1:restless_spirit":1,"born_in_chaos_v1:zombie_lumberjack":2,"minecraft:spider":4,"born_in_chaos_v1:maggot":2,"friendsandfoes:iceologer":1,"artifacts:mimic":1,"born_in_chaos_v1:fallen_chaos_knight":1,"born_in_chaos_v1:baby_skeleton":3,"born_in_chaos_v1:decrepit_skeleton":5,"minecraft:sheep":8,"alexsmobs:flutter":1,"minecraft:zombie":14,"alexsmobs:cockroach":1,"born_in_chaos_v1:dread_hound":1,"endofherobrine:cow":1,"minecraft:cow":2},"minecraft:custom":{"minecraft:interact_with_anvil":3,"minecraft:mob_kills":49,"minecraft:interact_with_crafting_table":25,"minecraft:open_barrel":6,"minecraft:damage_dealt_resisted":20,"minecraft:leave_game":5,"minecraft:time_since_death":22294,"minecraft:climb_one_cm":460,"minecraft:sprint_one_cm":173747,"minecraft:walk_one_cm":162770,"minecraft:drop":54,"minecraft:play_time":95490,"minecraft:deaths":3,"minecraft:sneak_time":7925,"minecraft:walk_under_water_one_cm":9272,"minecraft:jump":1553,"minecraft:interact_with_brewingstand":1,"minecraft:walk_on_water_one_cm":8436,"minecraft:total_world_time":95490,"minecraft:interact_with_furnace":5,"tombstone:raider_killed":1,"minecraft:interact_with_cartography_table":2,"minecraft:sleep_in_bed":7,"minecraft:time_since_rest":6999,"minecraft:damage_taken":2896,"minecraft:trigger_trapped_chest":1,"minecraft:damage_dealt":8131,"minecraft:swim_one_cm":13678,"minecraft:fly_one_cm":364282,"minecraft:open_chest":4,"minecraft:crouch_one_cm":14743,"tombstone:undead_killed":25,"minecraft:interact_with_smoker":1,"minecraft:fall_one_cm":53603},"minecraft:picked_up":{"minecraft:seagrass":4,"minecraft:crafting_table":5,"minecraft:prismarine_shard":8,"born_in_chaos_v1:seedof_chaos":1,"minecraft:golden_pickaxe":1,"minecraft:wooden_pickaxe":1,"minecraft:enchanted_book":1,"minecraft:golden_shovel":1,"minecraft:chain":2,"minecraft:brewing_stand":1,"minecraft:string":4,"minecraft:raw_copper":42,"create:limestone":1,"minecraft:beetroot":4,"minecraft:cartography_table":1,"minecraft:gold_nugget":22,"minecraft:cobbled_deepslate":63,"minecraft:spruce_planks":9,"minecraft:beef":6,"minecraft:iron_nugget":20,"minecraft:light_gray_wool":2,"minecraft:iron_pickaxe":2,"minecraft:sugar_cane":42,"minecraft:chest":2,"farmersdelight:cabbage_seeds":1,"minecraft:iron_boots":1,"minecraft:furnace":1,"minecraft:stick":3,"minecraft:raw_iron":19,"minecraft:torch":54,"tombstone:grave_dust":10,"born_in_chaos_v1:pieceofdarkmetal":2,"minecraft:redstone":27,"minecraft:tnt":1,"minecraft:rotten_flesh":23,"minecraft:beetroot_seeds":20,"supplementaries:ash":17,"minecraft:mutton":16,"minecraft:snowball":54,"minecraft:white_wool":14,"minecraft:cobblestone":243,"create_dd:raw_tin":7,"minecraft:jungle_log":1,"minecraft:leather":2,"minecraft:potato":2,"minecraft:tuff":29,"supplementaries:flax_seeds":4,"minecraft:gunpowder":15,"minecraft:paper":2,"minecraft:lapis_lazuli":75,"skilltree:gem":28,"minecraft:dirt":1,"minecraft:lantern":1,"born_in_chaos_v1:monster_skin":3,"minecraft:bone":34,"create_dd:potassic":1,"minecraft:kelp":4,"minecraft:wheat_seeds":1,"minecraft:raw_gold":123,"alexsmobs:cockroach_wing_fragment":1,"minecraft:glass_bottle":3,"friendsandfoes:totem_of_freezing":1,"born_in_chaos_v1:ethereal_spirit":1,"minecraft:dripstone_block":1,"alexsmobs:animal_dictionary":1,"minecraft:spruce_log":6,"minecraft:barrel":2,"minecraft:trapped_chest":1,"minecraft:dark_oak_log":1,"minecraft:spider_eye":2,"minecraft:mossy_cobblestone":1,"minecraft:bundle":1,"minecraft:diamond":2,"minecraft:iron_helmet":1,"minecraft:blue_ice":4,"minecraft:golden_apple":1,"minecraft:emerald":3,"minecraft:coal":25},"minecraft:crafted":{"minecraft:stone_shovel":1,"minecraft:furnace":1,"minecraft:raw_copper_block":1,"minecraft:raw_copper":9,"minecraft:iron_boots":1,"minecraft:stone_pickaxe":1,"minecraft:dark_oak_planks":4,"sophisticatedbackpacks:iron_backpack":1,"minecraft:crafting_table":1,"minecraft:spruce_planks":24,"minecraft:wooden_pickaxe":1,"minecraft:iron_sword":1,"sophisticatedbackpacks:gold_backpack":1,"minecraft:stone_axe":1,"minecraft:air":0,"minecraft:stick":16,"minecraft:iron_ingot":7,"minecraft:iron_pickaxe":1,"minecraft:snow_block":13,"minecraft:torch":8},"minecraft:dropped":{"minecraft:enchanted_book":1,"minecraft:wheat_seeds":1,"minecraft:mossy_cobblestone":1,"minecraft:prismarine_shard":5,"create_dd:raw_tin":2,"minecraft:leather":1,"minecraft:stick":3,"minecraft:torch":27,"born_in_chaos_v1:monster_skin":3,"minecraft:mutton":8,"minecraft:seagrass":4,"skilltree:gem":3,"minecraft:snowball":1,"tombstone:grave_dust":3,"minecraft:chain":1,"minecraft:string":1,"minecraft:white_wool":7,"minecraft:bone":5,"minecraft:kelp":4,"minecraft:sugar_cane":21,"minecraft:iron_nugget":10,"alexsmobs:animal_dictionary":1,"minecraft:raw_copper":17,"born_in_chaos_v1:ethereal_spirit":1,"farmersdelight:cabbage_seeds":1,"minecraft:beetroot":4,"minecraft:rotten_flesh":23,"minecraft:light_gray_wool":1,"minecraft:gunpowder":6,"minecraft:spruce_planks":9,"minecraft:beetroot_seeds":10,"minecraft:blue_ice":2,"minecraft:chest":1,"minecraft:beef":2,"minecraft:wooden_pickaxe":1},"minecraft:mined":{"minecraft:tuff":29,"minecraft:mossy_cobblestone":1,"minecraft:deepslate_diamond_ore":1,"minecraft:brewing_stand":1,"minecraft:glow_lichen":2,"minecraft:grass_block":1,"farmersdelight:wild_cabbages":1,"minecraft:cartography_table":1,"minecraft:furnace":1,"minecraft:iron_ore":11,"minecraft:fire":5,"minecraft:barrel":2,"minecraft:snow":53,"minecraft:deepslate_lapis_ore":11,"minecraft:stone":57,"create:limestone":1,"minecraft:deepslate_redstone_ore":6,"create_dd:deepslate_tin_ore":1,"minecraft:crafting_table":5,"minecraft:torch":12,"minecraft:chest":2,"minecraft:tall_grass":4,"minecraft:cobblestone":5,"minecraft:deepslate_coal_ore":1,"minecraft:sugar_cane":11,"minecraft:wall_torch":3,"minecraft:deepslate_copper_ore":5,"supplementaries:urn":12,"farmersdelight:wild_beetroots":10,"minecraft:trapped_chest":1,"minecraft:spruce_log":6,"minecraft:tnt":1,"minecraft:grass":2,"minecraft:coal_ore":7,"create_dd:potassic":1,"minecraft:dripstone_block":1,"minecraft:gold_ore":116,"minecraft:deepslate":3,"create_dd:tin_ore":4}},"DataVersion":3465}