{"stats":{"minecraft:custom":{"minecraft:interact_with_crafting_table":31,"minecraft:open_barrel":6,"minecraft:bell_ring":23,"minecraft:leave_game":7,"minecraft:time_since_death":73489,"minecraft:sprint_one_cm":433763,"minecraft:drop":231,"minecraft:talked_to_villager":223,"minecraft:play_time":310769,"minecraft:deaths":6,"minecraft:jump":4196,"minecraft:interact_with_brewingstand":1,"minecraft:walk_on_water_one_cm":40270,"minecraft:enchant_item":14,"minecraft:interact_with_furnace":9,"minecraft:traded_with_villager":442,"minecraft:interact_with_cartography_table":2,"minecraft:sleep_in_bed":13,"minecraft:damage_dealt":27201,"minecraft:crouch_one_cm":43233,"tombstone:undead_killed":30,"tombstone:villager_killed":9,"minecraft:interact_with_smoker":1,"minecraft:mob_kills":101,"minecraft:interact_with_anvil":11,"minecraft:damage_dealt_resisted":20,"minecraft:climb_one_cm":460,"minecraft:walk_one_cm":619890,"minecraft:raid_win":1,"minecraft:sneak_time":18878,"minecraft:walk_under_water_one_cm":30754,"minecraft:interact_with_blast_furnace":6,"minecraft:total_world_time":310769,"tombstone:raider_killed":2,"minecraft:raid_trigger":2,"minecraft:interact_with_grindstone":3,"minecraft:time_since_rest":5390,"minecraft:damage_taken":6700,"minecraft:trigger_trapped_chest":1,"minecraft:swim_one_cm":20944,"minecraft:fly_one_cm":992226,"minecraft:open_chest":13,"minecraft:fall_one_cm":118033},"minecraft:killed":{"born_in_chaos_v1:zombie_lumberjack":2,"born_in_chaos_v1:restless_spirit":2,"minecraft:spider":4,"born_in_chaos_v1:siamese_skeletonsright":2,"artifacts:mimic":1,"minecraft:pig":1,"born_in_chaos_v1:diamond_termite":4,"minecraft:iron_golem":15,"minecraft:creeper":1,"minecraft:sheep":9,"alexsmobs:flutter":1,"minecraft:zombie":17,"born_in_chaos_v1:dread_hound":1,"endofherobrine:cow":2,"minecraft:cow":6,"born_in_chaos_v1:maggot":5,"friendsandfoes:iceologer":1,"born_in_chaos_v1:fallen_chaos_knight":1,"endofherobrine:villager":8,"born_in_chaos_v1:baby_skeleton":3,"minecraft:wandering_trader":1,"minecraft:ravager":1,"born_in_chaos_v1:decrepit_skeleton":5,"alexsmobs:cockroach":1,"born_in_chaos_v1:nightmare_stalker":1,"alexsmobs:crow":2},"minecraft:dropped":{"minecraft:crafting_table":1,"create_dd:raw_tin":2,"minecraft:leather":1,"simplefarming:yam_seeds":1,"born_in_chaos_v1:monster_skin":9,"minecraft:mutton":8,"minecraft:seagrass":4,"minecraft:snowball":1,"minecraft:chain":1,"minecraft:white_wool":7,"minecraft:bone":5,"minecraft:sugar_cane":21,"simplefarming:cantaloupe_seeds":1,"minecraft:iron_nugget":10,"alexsmobs:animal_dictionary":1,"born_in_chaos_v1:ethereal_spirit":1,"minecraft:beetroot":4,"minecraft:rotten_flesh":29,"minecraft:oak_planks":64,"supplementaries:ash":8,"minecraft:gunpowder":6,"minecraft:beetroot_seeds":10,"born_in_chaos_v1:corpse_maggot":5,"minecraft:chainmail_boots":12,"born_in_chaos_v1:diamond_termite_shard":3,"minecraft:chest":4,"simplefarming:barley_seeds":1,"minecraft:beef":13,"minecraft:enchanted_book":9,"minecraft:bread":6,"minecraft:wheat_seeds":19,"minecraft:mossy_cobblestone":1,"minecraft:prismarine_shard":5,"minecraft:feather":1,"minecraft:cobblestone":3,"minecraft:stick":3,"simplefarming:broccoli_seeds":1,"minecraft:torch":35,"skilltree:gem":3,"tombstone:grave_dust":3,"minecraft:iron_leggings":14,"minecraft:iron_axe":11,"minecraft:chainmail_leggings":12,"minecraft:string":1,"minecraft:trapped_chest":1,"minecraft:dandelion":2,"friendsandfoes:copper_button":1,"minecraft:kelp":4,"minecraft:raw_copper":17,"farmersdelight:cabbage_seeds":1,"minecraft:stone_shovel":6,"minecraft:light_gray_wool":1,"minecraft:villager_spawn_egg":42,"minecraft:spruce_planks":9,"minecraft:iron_chestplate":14,"minecraft:blue_ice":2,"minecraft:stone_pickaxe":12,"minecraft:bow":3,"minecraft:wooden_pickaxe":1},"minecraft:crafted":{"minecraft:oak_planks":1244,"minecraft:lightning_rod":1,"minecraft:diamond_shovel":3,"minecraft:bookshelf":2,"minecraft:diamond_helmet":4,"minecraft:diamond_leggings":6,"minecraft:raw_copper":9,"minecraft:iron_boots":7,"minecraft:bow":1,"minecraft:arrow":64,"minecraft:emerald":2574,"minecraft:diamond_axe":3,"minecraft:crafting_table":1,"minecraft:spruce_planks":96,"minecraft:wooden_pickaxe":1,"minecraft:copper_ingot":5,"minecraft:iron_chestplate":12,"minecraft:book":2,"minecraft:paper":3,"minecraft:diamond_pickaxe":3,"sophisticatedbackpacks:diamond_backpack":1,"minecraft:stick":1312,"minecraft:iron_ingot":7,"minecraft:iron_pickaxe":1,"minecraft:snow_block":13,"minecraft:stone_shovel":8,"minecraft:diamond_hoe":3,"minecraft:furnace":1,"minecraft:raw_copper_block":1,"minecraft:iron_axe":15,"minecraft:stone_pickaxe":13,"minecraft:diamond_boots":4,"minecraft:dark_oak_planks":4,"minecraft:chainmail_leggings":12,"friendsandfoes:copper_button":1,"sophisticatedbackpacks:iron_backpack":1,"minecraft:wheat":18,"minecraft:crossbow":1,"minecraft:diamond_sword":1,"minecraft:iron_sword":1,"minecraft:bell":12,"sophisticatedbackpacks:gold_backpack":1,"minecraft:stone_axe":1,"minecraft:enchanted_book":34,"minecraft:jungle_planks":4,"minecraft:bread":6,"minecraft:air":0,"minecraft:chainmail_boots":12,"minecraft:iron_shovel":1,"minecraft:iron_leggings":12,"minecraft:torch":8,"minecraft:diamond_chestplate":4},"minecraft:used":{"minecraft:iron_shovel":83,"sophisticatedbackpacks:copper_backpack":2,"minecraft:stone":1,"minecraft:iron_sword":257,"minecraft:bell":3,"minecraft:iron_chestplate":1,"minecraft:tuff":29,"minecraft:snowball":1,"enchantinginfuser:advanced_enchanting_infuser":1,"sophisticatedbackpacks:diamond_backpack":4,"minecraft:lava_bucket":72,"minecraft:villager_spawn_egg":27,"friendsandfoes:totem_of_illusion":1,"minecraft:grass_block":24,"friendsandfoes:totem_of_freezing":2,"minecraft:bow":23,"minecraft:furnace":2,"minecraft:egg":4,"minecraft:stone_pickaxe":108,"minecraft:oak_planks":13,"minecraft:wooden_pickaxe":16,"minecraft:sugar_cane":6,"minecraft:sand":4,"minecraft:blast_furnace":6,"minecraft:dripstone_block":1,"minecraft:lightning_rod":1,"sophisticatedbackpacks:backpack":1,"minecraft:lectern":78,"minecraft:grindstone":2,"minecraft:smithing_table":1,"minecraft:oak_trapdoor":14,"minecraft:netherite_sword":78,"create:limestone":1,"minecraft:stone_shovel":132,"minecraft:torch":101,"minecraft:dirt":9,"minecraft:anvil":1,"sophisticatedbackpacks:netherite_backpack":1,"minecraft:iron_hoe":29,"minecraft:bookshelf":23,"minecraft:iron_axe":77,"minecraft:iron_boots":1,"securitycraft:sentry":76,"minecraft:beef":3,"minecraft:emerald_block":1,"tombstone:gift":4,"minecraft:cobbled_deepslate":117,"minecraft:water_bucket":36,"create_dd:potassic":1,"minecraft:snow_block":13,"minecraft:iron_golem_spawn_egg":34,"stalwart_dungeons:netherite_hammer":3,"minecraft:fletching_table":6,"minecraft:crafting_table":9,"minecraft:spruce_log":13,"minecraft:flower_pot":1,"minecraft:diamond_pickaxe":40,"minecraft:iron_pickaxe":366,"minecraft:stone_axe":105,"minecraft:enchanted_book":4,"minecraft:cobblestone":24,"minecraft:cooked_porkchop":60,"minecraft:bucket":107,"minecraft:yellow_bed":24,"alexsmobs:animal_dictionary":2,"minecraft:splash_potion":14},"minecraft:killed_by":{"minecraft:iron_golem":1},"minecraft:picked_up":{"minecraft:seagrass":4,"minecraft:iron_chestplate":2,"simplefarming:turnip_seeds":1,"minecraft:anvil":1,"minecraft:flower_pot":1,"minecraft:prismarine_shard":8,"minecraft:golden_shovel":1,"minecraft:enchanted_book":9,"minecraft:brewing_stand":1,"minecraft:golden_sword":1,"minecraft:string":10,"create:limestone":1,"minecraft:raw_copper":42,"minecraft:iron_leggings":2,"minecraft:beetroot":4,"minecraft:gold_nugget":22,"minecraft:cobbled_deepslate":117,"minecraft:spruce_planks":9,"minecraft:iron_pickaxe":2,"farmersdelight:cabbage_seeds":1,"minecraft:iron_boots":1,"minecraft:furnace":1,"minecraft:tipped_arrow":1,"minecraft:stick":3,"minecraft:torch":148,"minecraft:porkchop":50,"tombstone:grave_dust":10,"born_in_chaos_v1:nightmare_claw":1,"minecraft:cauldron":3,"artifacts:lucky_scarf":1,"minecraft:rotten_flesh":34,"simplefarming:pepper_seeds":1,"supplementaries:ash":19,"minecraft:obsidian":6,"minecraft:snowball":54,"minecraft:cobblestone":279,"create_dd:raw_tin":11,"minecraft:feather":1,"minecraft:cooked_beef":8,"minecraft:andesite":31,"minecraft:jungle_log":1,"minecraft:golden_leggings":1,"minecraft:potato":2,"minecraft:flint":14,"minecraft:tuff":29,"supplementaries:flax_seeds":4,"securitycraft:sentry":49,"minecraft:dirt":108,"skilltree:gem":36,"minecraft:lapis_lazuli":75,"minecraft:lantern":1,"born_in_chaos_v1:monster_skin":9,"simplefarming:cucumber_seeds":1,"minecraft:bone":42,"minecraft:bow":4,"minecraft:wheat_seeds":26,"minecraft:raw_gold":165,"minecraft:bell":1,"minecraft:fletching_table":6,"minecraft:bamboo":1,"minecraft:oak_planks":176,"minecraft:honeycomb":3,"friendsandfoes:totem_of_freezing":2,"minecraft:cooked_porkchop":1,"simplefarming:radish_seeds":1,"minecraft:sand":4,"alexsmobs:animal_dictionary":1,"minecraft:barrel":2,"minecraft:dark_oak_log":1,"minecraft:trapped_chest":1,"minecraft:mossy_cobblestone":1,"minecraft:bundle":1,"minecraft:diamond":2,"minecraft:crossbow":1,"minecraft:blue_ice":5,"minecraft:golden_apple":1,"minecraft:golden_horse_armor":1,"minecraft:emerald":9,"born_in_chaos_v1:diamond_termite_shard":3,"minecraft:crafting_table":7,"minecraft:coarse_dirt":5,"simplefarming:pea_seeds":1,"minecraft:chicken":10,"born_in_chaos_v1:river_mint":1,"born_in_chaos_v1:seedof_chaos":1,"minecraft:golden_pickaxe":1,"friendsandfoes:totem_of_illusion":1,"minecraft:wooden_pickaxe":1,"minecraft:gold_block":1,"minecraft:chain":2,"minecraft:oak_trapdoor":4,"born_in_chaos_v1:intoxicating_decoction":2,"minecraft:cartography_table":1,"minecraft:beef":30,"minecraft:poppy":12,"minecraft:iron_nugget":54,"minecraft:light_gray_wool":2,"minecraft:lectern":76,"minecraft:chest":4,"minecraft:sugar_cane":45,"simplefarming:barley_seeds":1,"minecraft:egg":5,"minecraft:raw_iron":67,"simplefarming:cantaloupe_seeds":1,"simplefarming:yam_seeds":1,"minecraft:fire_charge":5,"born_in_chaos_v1:pieceofdarkmetal":2,"minecraft:redstone":59,"minecraft:tnt":1,"minecraft:arrow":43,"minecraft:beetroot_seeds":20,"minecraft:golden_hoe":1,"minecraft:hay_block":22,"minecraft:saddle":1,"minecraft:totem_of_undying":1,"minecraft:mutton":17,"minecraft:white_wool":15,"born_in_chaos_v1:fused_bone":2,"born_in_chaos_v1:corpse_maggot":7,"minecraft:golden_carrot":8,"minecraft:glow_ink_sac":2,"minecraft:leather":9,"minecraft:yellow_bed":11,"minecraft:gunpowder":17,"simplefarming:broccoli_seeds":1,"minecraft:paper":2,"minecraft:white_banner":5,"minecraft:cooked_mutton":4,"minecraft:apple":7,"create_dd:potassic":1,"minecraft:kelp":4,"alexsmobs:cockroach_wing_fragment":1,"minecraft:iron_ingot":62,"minecraft:cooked_chicken":4,"minecraft:glass_bottle":5,"minecraft:book":1,"minecraft:emerald_block":1,"born_in_chaos_v1:ethereal_spirit":3,"minecraft:dandelion":2,"minecraft:dripstone_block":1,"minecraft:gravel":118,"minecraft:spruce_sapling":2,"minecraft:blast_furnace":3,"minecraft:spruce_log":36,"minecraft:crying_obsidian":1,"minecraft:spider_eye":2,"minecraft:iron_helmet":1,"simplefarming:cotton_seeds":1,"minecraft:coal":25},"minecraft:mined":{"minecraft:brewing_stand":1,"minecraft:obsidian":1,"minecraft:grass_block":37,"minecraft:cobbled_deepslate":4,"minecraft:iron_ore":47,"minecraft:fire":8,"minecraft:barrel":2,"minecraft:fletching_table":6,"minecraft:deepslate_lapis_ore":11,"minecraft:anvil":1,"minecraft:water_cauldron":3,"create:limestone":1,"minecraft:deepslate_redstone_ore":12,"born_in_chaos_v1:infected_deepslate_diamond_ore":2,"minecraft:torch":93,"minecraft:blast_furnace":3,"minecraft:chest":4,"minecraft:cobblestone":14,"minecraft:sugar_cane":16,"minecraft:wall_torch":5,"minecraft:deepslate_copper_ore":5,"born_in_chaos_v1:river_mint":1,"minecraft:tnt":1,"minecraft:grass":67,"minecraft:sand":4,"minecraft:dirt":48,"minecraft:oak_leaves":1,"minecraft:deepslate":54,"minecraft:emerald_block":1,"minecraft:crying_obsidian":1,"minecraft:tuff":29,"minecraft:mossy_cobblestone":1,"minecraft:deepslate_diamond_ore":1,"minecraft:glow_lichen":2,"farmersdelight:wild_cabbages":1,"minecraft:spruce_leaves":6,"minecraft:potted_bamboo":1,"minecraft:cartography_table":1,"minecraft:large_fern":1,"minecraft:hay_block":22,"minecraft:oak_trapdoor":3,"minecraft:furnace":1,"minecraft:snow":53,"minecraft:andesite":31,"minecraft:gold_block":1,"minecraft:stone":79,"create_dd:deepslate_tin_ore":1,"minecraft:crafting_table":7,"minecraft:lectern":76,"minecraft:tall_grass":32,"minecraft:deepslate_coal_ore":1,"minecraft:deepslate_gold_ore":28,"supplementaries:urn":12,"farmersdelight:wild_beetroots":10,"minecraft:coarse_dirt":2,"minecraft:trapped_chest":1,"minecraft:spruce_log":36,"minecraft:birch_leaves":1,"minecraft:yellow_bed":4,"minecraft:coal_ore":7,"minecraft:gravel":74,"minecraft:dripstone_block":1,"create_dd:potassic":1,"minecraft:gold_ore":116,"create_dd:tin_ore":7},"minecraft:broken":{"minecraft:stone_shovel":1,"minecraft:iron_pickaxe":1,"minecraft:iron_helmet":1}},"DataVersion":3465}