{"stats":{"minecraft:mined":{"minecraft:grass_block":1,"minecraft:dirt":3},"minecraft:dropped":{"create_enchantment_industry:hyper_experience_bottle":1,"create_dd:blaze_gold":6,"create_dd:blaze_gold_sheet":3,"create_sa:copper_exoskeleton_chestplate":2,"create_sa:block_picker":1},"minecraft:picked_up":{"create_dd:blaze_gold":6,"create_dd:blaze_gold_sheet":3,"create_sa:block_picker":1,"create_enchantment_industry:hyper_experience_bottle":1,"minecraft:dirt":4,"create_sa:copper_exoskeleton_chestplate":2},"minecraft:used":{"create_sa:andesite_jetpack_chestplate":1,"create_sa:brass_jetpack_chestplate":4,"minecraft:dirt":2,"create_sa:copper_jetpack_chestplate":1,"create:cogwheel":2,"minecraft:grass_block":8,"create_sa:copper_exoskeleton_chestplate":3,"alexsmobs:animal_dictionary":2,"create:vertical_gearbox":1,"create_sa:brass_cube":1,"create_sa:block_picker":40,"create:creative_motor":1},"minecraft:custom":{"minecraft:time_since_rest":41138,"minecraft:crouch_one_cm":240,"minecraft:sprint_one_cm":11564,"minecraft:play_time":41138,"minecraft:walk_one_cm":9126,"minecraft:sneak_time":379,"minecraft:drop":13,"minecraft:jump":108,"minecraft:leave_game":4,"minecraft:time_since_death":41138,"minecraft:total_world_time":41138,"minecraft:fly_one_cm":49242}},"DataVersion":3465}