{"stats":{"minecraft:custom":{"minecraft:jump":243,"minecraft:time_since_rest":25072,"minecraft:leave_game":8,"minecraft:crouch_one_cm":1660,"minecraft:play_time":25072,"minecraft:play_record":2,"minecraft:sprint_one_cm":21367,"minecraft:damage_taken":60,"minecraft:time_since_death":25072,"minecraft:walk_one_cm":76642,"minecraft:sneak_time":205,"minecraft:total_world_time":25072,"minecraft:fall_one_cm":2810,"minecraft:fly_one_cm":72604},"minecraft:used":{"alexsmobs:animal_dictionary":1,"minecraft:snow":1,"taxdl:dragon_disc":2,"minecraft:jukebox":1,"taxdl:dragon_armor_helmet":1},"minecraft:picked_up":{"taxdl:dragon_disc":2}},"DataVersion":3465}