{"stats":{"minecraft:mined":{"minecraft:grass_block":1,"minecraft:dirt":3},"minecraft:killed":{"endofherobrine:zombie_villager":1},"minecraft:custom":{"minecraft:time_since_rest":50801,"minecraft:sprint_one_cm":20924,"minecraft:damage_taken":145,"minecraft:walk_one_cm":20445,"minecraft:mob_kills":1,"minecraft:drop":13,"minecraft:damage_dealt":350,"minecraft:swim_one_cm":7350,"minecraft:fly_one_cm":93262,"minecraft:crouch_one_cm":486,"minecraft:play_time":50801,"minecraft:sneak_time":590,"minecraft:walk_under_water_one_cm":7859,"minecraft:jump":196,"minecraft:leave_game":5,"minecraft:time_since_death":50801,"minecraft:walk_on_water_one_cm":467,"minecraft:total_world_time":50801,"minecraft:climb_one_cm":208,"minecraft:fall_one_cm":2587},"minecraft:dropped":{"create_enchantment_industry:hyper_experience_bottle":1,"create_dd:blaze_gold":6,"create_dd:blaze_gold_sheet":3,"create_sa:block_picker":1,"create_sa:copper_exoskeleton_chestplate":2},"minecraft:picked_up":{"create_enchantment_industry:hyper_experience_bottle":1,"create_dd:blaze_gold":6,"minecraft:dirt":4,"create_sa:copper_exoskeleton_chestplate":2,"minecraft:rotten_flesh":2,"create_dd:blaze_gold_sheet":3,"create_sa:block_picker":1},"minecraft:used":{"minecraft:grass_block":8,"create_enchantment_industry:hyper_experience_bottle":1,"create:creative_motor":1,"create_sa:block_picker":40,"create_sa:andesite_jetpack_chestplate":1,"create_sa:brass_jetpack_chestplate":4,"minecraft:dirt":2,"taxdl:dragon_sword":4,"create:cogwheel":2,"create_sa:copper_jetpack_chestplate":1,"create_sa:copper_exoskeleton_chestplate":3,"endofherobrine:zombie_villager_spawn_egg":1,"alexsmobs:animal_dictionary":2,"create:vertical_gearbox":1,"create_sa:brass_cube":1}},"DataVersion":3465}